{
    "$schema": "https://schema.management.azure.com/schemas/2015-01-01/deploymentParameters.json#",
    "contentVersion": "1.0.0.0",
    "parameters": {
        "subscriptions_611a9fa2a5996c0058070001_displayName": {
            "value": null
        },
        "subscriptions_611a9fa2a5996c0058070002_displayName": {
            "value": null
        },
        "users_1_lastName": {
            "value": null
        },
        "workflows_CECLogicApp_name": {
            "value": null
        },
        "sshPublicKeys_rajesh_name": {
            "value": null
        },
        "sites_mydissertation_cardms_name": {
            "value": null
        },
        "virtualMachines_CECDBSrvr_name": {
            "value": null
        },
        "sites_mydissertation_accountms_name": {
            "value": null
        },
        "sshPublicKeys_CECDBSrvr_key_name": {
            "value": null
        },
        "virtualMachines_CECAPPSrver_name": {
            "value": null
        },
        "sites_mydissertation_customerms_name": {
            "value": null
        },
        "networkInterfaces_cecdbsrvr666_name": {
            "value": null
        },
        "publicIPAddresses_CECDBSrvr_ip_name": {
            "value": null
        },
        "networkInterfaces_cecappsrver719_name": {
            "value": null
        },
        "publicIPAddresses_CECAPPSrver_ip_name": {
            "value": null
        },
        "service_mydissertation_apim_name": {
            "value": null
        },
        "components_mydissertation_cardms_name": {
            "value": null
        },
        "networkSecurityGroups_CECDBSrvr_nsg_name": {
            "value": null
        },
        "serverfarms_ASP_napierdissertation_8daf_name": {
            "value": null
        },
        "serverfarms_ASP_napierdissertation_8eef_name": {
            "value": null
        },
        "serverfarms_ASP_napierdissertation_a66a_name": {
            "value": null
        },
        "components_mydissertation_accountms_name": {
            "value": null
        },
        "components_mydissertation_customerms_name": {
            "value": null
        },
        "networkSecurityGroups_CECAPPSrver_nsg_name": {
            "value": null
        },
        "virtualNetworks_napier_dissertation_vnet_name": {
            "value": null
        },
        "databaseAccounts_mydessertation_carddb_name": {
            "value": null
        },
        "namespaces_mydissertation_notificationhub_name": {
            "value": null
        },
        "databaseAccounts_mydessertation_accountdb_name": {
            "value": null
        },
        "databaseAccounts_mydessertation_customerdb_name": {
            "value": null
        },
        "databaseAccounts_mydessertation_creditscoredb_name": {
            "value": null
        },
        "databaseAccounts_mydessertation_notificationdb_name": {
            "value": null
        },
        "actionGroups_Application_Insights_Smart_Detection_name": {
            "value": null
        },
        "workspaces_defaultworkspace_a8bd9e5f_c796_494f_a0bd_0a57339f8b41_suk_externalid": {
            "value": null
        }
    }
}